{"cameraMode":{"drawMode":0,"name":"Shaded","section":"Shading Mode"},"sceneLighting":false,"audioPlay":false,"sceneViewState":{"m_AlwaysRefresh":false,"showFog":true,"showSkybox":false,"showFlares":true,"showImageEffects":true,"showParticleSystems":true,"showVisualEffectGraphs":true,"m_FxEnabled":false},"in2DMode":false,"pivot":{"x":-4.975103378295898,"y":2.1391985416412355,"z":0.07385529577732086},"rotation":{"x":-0.0012202303623780609,"y":0.9927399754524231,"z":-0.12001676112413407,"w":-0.010125616565346718},"size":4.740009307861328,"orthographic":false}