{"cameraMode":{"drawMode":0,"name":"Shaded","section":"Shading Mode"},"sceneLighting":false,"audioPlay":false,"sceneViewState":{"m_AlwaysRefresh":false,"showFog":true,"showSkybox":false,"showFlares":true,"showImageEffects":true,"showParticleSystems":true,"showVisualEffectGraphs":true,"m_FxEnabled":false},"in2DMode":false,"pivot":{"x":0.4782184064388275,"y":2.2848575115203859,"z":1.275621771812439},"rotation":{"x":0.10908710956573487,"y":-0.8298635482788086,"z":0.17455151677131654,"w":0.5186757445335388},"size":0.9230095148086548,"orthographic":false}