{"cameraMode":{"drawMode":0,"name":"Shaded","section":"Shading Mode"},"sceneLighting":false,"audioPlay":false,"sceneViewState":{"m_AlwaysRefresh":false,"showFog":true,"showSkybox":false,"showFlares":true,"showImageEffects":true,"showParticleSystems":true,"showVisualEffectGraphs":true,"m_FxEnabled":false},"in2DMode":false,"pivot":{"x":-0.630423367023468,"y":1.7212955951690674,"z":-1.1366581916809083},"rotation":{"x":-0.015517761930823326,"y":0.9843050837516785,"z":-0.11450439691543579,"w":-0.13339261710643769},"size":1.1558974981307984,"orthographic":false}