{"cameraMode":{"drawMode":0,"name":"Shaded","section":"Shading Mode"},"sceneLighting":false,"audioPlay":false,"sceneViewState":{"m_AlwaysRefresh":false,"showFog":true,"showSkybox":false,"showFlares":true,"showImageEffects":true,"showParticleSystems":true,"showVisualEffectGraphs":true,"m_FxEnabled":false},"in2DMode":false,"pivot":{"x":-4.979862689971924,"y":0.6974673271179199,"z":-3.263460874557495},"rotation":{"x":-0.005763252731412649,"y":0.9901438355445862,"z":-0.13328790664672852,"w":-0.042800743132829669},"size":5.9815263748168949,"orthographic":false}