{"cameraMode":{"drawMode":0,"name":"Shaded","section":"Shading Mode"},"sceneLighting":false,"audioPlay":false,"sceneViewState":{"m_AlwaysRefresh":false,"showFog":true,"showSkybox":false,"showFlares":true,"showImageEffects":true,"showParticleSystems":true,"showVisualEffectGraphs":true,"m_FxEnabled":false},"in2DMode":false,"pivot":{"x":-4.038700103759766,"y":1.5915000438690186,"z":0.03009999729692936},"rotation":{"x":-0.08804242312908173,"y":0.8934227228164673,"z":-0.20054955780506135,"w":-0.39224672317504885},"size":0.4247664213180542,"orthographic":false}