{"cameraMode":{"drawMode":0,"name":"Shaded","section":"Shading Mode"},"sceneLighting":false,"audioPlay":false,"sceneViewState":{"m_AlwaysRefresh":false,"showFog":true,"showSkybox":false,"showFlares":true,"showImageEffects":true,"showParticleSystems":true,"showVisualEffectGraphs":true,"m_FxEnabled":false},"in2DMode":false,"pivot":{"x":-9.161211013793946,"y":1.4554296731948853,"z":-4.454616546630859},"rotation":{"x":-0.0012821878772228957,"y":0.9891442656517029,"z":-0.14677414298057557,"w":-0.008604331873357296},"size":1.7250059843063355,"orthographic":false}